id_cliente;nome;email;telefone;endereco;data_cadastro
1;Srta. Raquel Moreira;matheus78@gmail.com;(071) 1347-0922;Sítio de Castro, 712, Pindorama, 72990-872 Pires do Campo / GO;2021-01-31
2;Eduardo Jesus;gomesmaria-julia@alves.com;81 0533-6434;Avenida Castro, 87, Vila Suzana Segunda Seção, 14353517 Cardoso Verde / TO;2020-05-22
3;Nathan Aragão;da-costaana-carolina@cardoso.com;(011) 5912-1201;Chácara Cunha, 38, Guaratã, 33348-862 Carvalho do Sul / RS;2020-05-07
4;Ana Júlia Sales;duartejuliana@yahoo.com.br;+55 (051) 3558-5458;Sítio de Pereira, 2, Nova Vista, 86105-544 Ferreira / RN;2022-09-02
5;Theo da Rocha;xribeiro@dias.com;0300-892-0321;Estação Davi Luiz da Cruz, Parque São José, 21718669 Monteiro / SP;2020-06-16
6;Marcos Vinicius Ferreira;maysabarros@carvalho.br;0300-066-6148;Núcleo de Gonçalves, 8, Vista Alegre, 80153699 Rocha / RR;2022-06-20
7;Maria Vitória Carvalho;esthercosta@hotmail.com;0900 181 6576;Viela de Cunha, 64, Vila Califórnia, 24985-878 Dias / SC;2020-06-24
8;Emanuel Pires;renan56@uol.com.br;+55 51 3443 8828;Viaduto Barbosa, 15, Jatobá, 27104039 Novaes Paulista / RJ;2021-07-08
9;Cauê Teixeira;beatriz42@ig.com.br;(051) 6722 6073;Passarela Silveira, 3, Capitão Eduardo, 46638-912 Fogaça / PR;2023-10-16
10;Mariane Monteiro;fernandada-paz@uol.com.br;0300-767-4852;Lago Anthony Souza, 19, Vila Betânia, 24991981 Costa / MT;2021-10-19
11;Lavínia Ribeiro;diogoribeiro@carvalho.br;+55 (061) 3414 1942;Passarela de Fogaça, Flavio De Oliveira, 83303486 Moreira Alegre / MS;2020-12-10
12;Srta. Stephany da Mota;barbara45@da.br;0300-188-3527;Campo Thomas Barros, 10, Xangri-Lá, 64488025 Castro do Amparo / MA;2024-02-26
13;Bruna Araújo;isabelcardoso@da.com;+55 (031) 4192 5081;Esplanada Duarte, 878, Vila Madre Gertrudes 4ª Seção, 15876091 Oliveira de Minas / MS;2024-04-09
14;Olivia da Rosa;ana-carolinagoncalves@hotmail.com;(041) 8394 5047;Residencial de Nunes, 76, Conjunto Califórnia I, 31532721 Aragão das Pedras / AL;2024-07-27
15;Bruno Mendes;eda-luz@gmail.com;84 4519 3133;Loteamento de Rodrigues, 72, Belmonte, 34324-377 Rezende / PA;2022-08-28
16;Dra. Emilly Ribeiro;zbarros@bol.com.br;+55 51 2210 9098;Favela de Castro, 92, Bairro Das Indústrias Ii, 35547106 da Mota / DF;2025-03-05
17;Ana Sophia Souza;pedro-lucascarvalho@melo.com;(011) 7879-1166;Campo Pedro Lucas Sales, 788, Conjunto Minas Caixa, 76015-324 Fogaça da Serra / RR;2024-02-10
18;Otávio Cavalcanti;evelyncardoso@fogaca.br;(021) 3161-3711;Distrito Souza, 24, Nova Esperança, 34110-022 Campos / AP;2021-02-06
19;Ana Beatriz Novaes;ramosrafaela@pereira.com;+55 (041) 2611-5739;Praça Cunha, 744, Bacurau, 04214329 Moreira das Pedras / BA;2022-09-03
20;Sophia Almeida;martinsnicolas@yahoo.com.br;+55 (031) 5456-5605;Parque Teixeira, 59, Alta Tensão 2ª Seção, 98395-860 Farias / MG;2022-06-30
21;Nicolas Santos;gbarros@ferreira.br;+55 (061) 4217 1814;Lago de Monteiro, 5, São Bento, 79870443 Martins do Norte / RJ;2024-09-02
22;João Lucas Ramos;alicenogueira@gmail.com;0300 776 4984;Vale Breno Lopes, 35, Heliopolis, 31945-008 Viana de Lopes / AC;2021-09-01
23;Samuel Moraes;enrico25@bol.com.br;+55 (031) 6812-0451;Loteamento Otávio da Rosa, 64, Petropolis, 82688-359 Novaes do Campo / GO;2021-11-18
24;Emilly Fogaça;hsales@hotmail.com;0300 549 0986;Praia de Novaes, 484, Vila Jardim Alvorada, 82723818 Pereira / DF;2022-06-15
25;Enzo Gabriel Costela;lbarros@araujo.com;(071) 2935 4156;Sítio de Cavalcanti, 488, Álvaro Camargos, 13126946 das Neves do Sul / AL;2024-05-04
26;Sabrina Castro;ribeiroluiz-henrique@uol.com.br;+55 71 1172 8205;Campo Rafaela da Costa, 53, Vila Paquetá, 77123254 Cunha da Praia / SC;2023-01-21
27;Manuela Vieira;caldeiraenzo@gmail.com;84 5072-8801;Fazenda de Gomes, 8, Jardim Vitoria, 62916868 Rodrigues / PI;2024-05-30
28;Milena Duarte;rochaelisa@hotmail.com;+55 (081) 0475 1347;Residencial Pereira, 17, Grajaú, 90869-087 Correia das Flores / TO;2021-05-15
29;Dr. Thomas Almeida;caue28@hotmail.com;+55 61 4729-3218;Campo de Duarte, 25, São Tomaz, 65879-370 Ferreira Verde / RR;2021-04-03
30;Heloísa Carvalho;salesanthony@mendes.br;+55 (081) 4004 0000;Vale Melissa Cunha, 5, Vila Cemig, 29625-763 Rodrigues / SC;2021-06-09
31;Igor Silveira;csales@dias.com;(031) 1779-0024;Largo Stella da Luz, Pousada Santo Antonio, 59020-407 Farias / PI;2020-08-02
32;Kaique Cavalcanti;da-matalucas@freitas.br;+55 (071) 3205 6889;Vereda Catarina Carvalho, 736, Vila Engenho Nogueira, 81739759 Santos / MT;2020-06-29
33;Rafaela Melo;rezendestella@sales.com;31 4670-3790;Morro de Rodrigues, 51, Pirineus, 93211-135 Araújo das Flores / PR;2024-09-09
34;Camila Nunes;gomesana-sophia@hotmail.com;(061) 3812 1139;Fazenda Lopes, 926, Prado, 78000895 Nogueira de Minas / RJ;2021-10-29
35;Ana Vitória da Rosa;kevin69@yahoo.com.br;(021) 6111 4979;Fazenda Evelyn Alves, 1, Horto Florestal, 20851240 Mendes Alegre / SP;2024-11-20
36;Joana Fernandes;isantos@uol.com.br;21 5032-7674;Largo Ferreira, Braúnas, 69561282 Moraes de Oliveira / GO;2023-11-20
37;Lucca Pinto;mda-conceicao@uol.com.br;0900 318 4973;Lago Barros, 68, Gameleira, 50738-954 Barbosa de Dias / AL;2022-04-07
38;Sr. Raul da Paz;emanuella40@cardoso.br;+55 41 0021-7607;Praça Ian Nogueira, 15, Flavio Marques Lisboa, 48621747 Moraes / TO;2023-09-08
39;Dra. Ana Luiza Oliveira;camilapinto@ig.com.br;+55 (011) 7920 2990;Rodovia Martins, 12, Cabana Do Pai Tomás, 86016627 Viana / RJ;2020-06-24
40;Lorenzo Correia;sophia42@vieira.br;+55 (021) 1097 4254;Praça de das Neves, 376, Alto Das Antenas, 56070-173 Cunha / PE;2020-07-28
41;Thiago Moura;fariasaugusto@hotmail.com;+55 81 1891 7109;Feira Castro, 34, Vila Copasa, 89415274 Rodrigues / RS;2023-03-24
42;Yago da Costa;teixeiraamanda@da.br;(081) 7312 9751;Sítio Fernandes, 544, Teixeira Dias, 97845115 Duarte de Pinto / ES;2021-07-15
43;Gustavo Henrique Gomes;olivia14@yahoo.com.br;+55 (041) 5527 5183;Lago de Fernandes, Zilah Sposito, 05137131 Sales / RR;2021-11-16
44;Breno Pereira;jcunha@fogaca.com;+55 31 9424-9138;Campo Esther Melo, 3, Vila Boa Vista, 92547654 Moraes / DF;2024-09-16
45;Vinicius Duarte;arezende@barros.org;+55 (011) 9116 6189;Vale Gonçalves, 27, Paraíso, 39964-685 Nascimento / PA;2024-01-02
46;Cecília Sales;costaalice@monteiro.com;0900 899 5362;Travessa de Lopes, 61, Vila Santa Monica 2ª Seção, 81789216 Moraes do Campo / RO;2021-11-04
47;Gustavo da Costa;rodrigorocha@ig.com.br;+55 (084) 8022-9527;Sítio de Ribeiro, 40, Vila Pilar, 04388795 Mendes Paulista / BA;2021-11-25
48;Sra. Mariane Lima;camila48@cavalcanti.com;+55 31 8794-5142;Quadra Fernandes, 215, Alto Das Antenas, 87118247 Cunha / GO;2020-08-26
49;Rafaela Porto;maria-vitoria25@nascimento.org;0300 145 5577;Chácara da Conceição, 81, Vila Madre Gertrudes 4ª Seção, 21429-278 Dias de Minas / MA;2021-08-31
50;Natália Viana;breno29@uol.com.br;+55 61 6816 8203;Ladeira de da Paz, 150, Lourdes, 73970-160 Azevedo de Peixoto / SC;2022-09-15
51;Srta. Larissa Monteiro;zdas-neves@castro.com;+55 (061) 0250 7526;Passarela Duarte, 849, Braúnas, 21799713 Costela / GO;2024-08-03
52;Laís Farias;svieira@mendes.org;31 0281-5438;Largo de Fernandes, 25, Grajaú, 67946-685 Santos de da Mota / SC;2022-08-29
53;Lucas Gabriel Viana;mlima@gmail.com;+55 (051) 5651-3187;Vila de da Paz, 95, Tirol, 71453082 Caldeira / RJ;2023-07-16
54;Isaac Barbosa;da-matathomas@costela.org;41 5534 2809;Pátio de Moraes, 609, Vila Canto Do Sabiá, 33303350 Almeida de Farias / GO;2021-04-17
55;Juliana Lopes;ana-beatrizviana@bol.com.br;0500-269-9030;Lagoa Viana, 35, Vila Santa Monica 1ª Seção, 63590-155 Souza / AP;2021-12-06
56;Anthony Cunha;costaevelyn@silveira.com;+55 21 4654-2911;Rodovia Cunha, 56, Conjunto Santa Maria, 04707034 Nascimento de da Rosa / PR;2020-04-29
57;Alícia Nascimento;ualmeida@ig.com.br;0300 975 5156;Quadra da Costa, 863, Mangueiras, 77119-192 Barbosa da Serra / PI;2020-06-08
58;Lorenzo Peixoto;anthony19@uol.com.br;+55 (051) 0919 1043;Morro Jesus, 591, Vila Cloris, 85007-030 Teixeira / SP;2022-11-18
59;Eduardo Alves;rodrigobarros@uol.com.br;31 3972 8420;Trecho Heloísa Almeida, 328, Havaí, 82276-178 Novaes / AC;2021-08-24
60;Sr. Rodrigo Farias;bviana@ig.com.br;84 0792 7035;Área Daniel Campos, Boa Viagem, 78898-793 Sales de Rodrigues / AC;2023-02-03
61;Elisa Barros;bferreira@santos.br;+55 (051) 5180 6582;Condomínio de Moura, 367, Outro, 40231-611 Pereira / PA;2024-05-30
62;Kevin Jesus;hcavalcanti@nunes.com;+55 81 9598-1127;Distrito Pedro Duarte, 115, Vila São Rafael, 90328-413 da Rosa / PB;2020-07-25
63;João Miguel Almeida;alicia44@ig.com.br;+55 (021) 9218 0144;Vereda Laura Lopes, 3, Eymard, 73087-844 da Paz / PE;2025-03-07
64;Gustavo Henrique Vieira;fduarte@uol.com.br;11 0462-6534;Trevo Caio Fernandes, Olhos D'água, 76737258 Rodrigues / DF;2020-05-17
65;Dra. Marina Alves;oliveiraana-carolina@lima.com;+55 (081) 9335 6306;Condomínio de Nascimento, 46, Vila Nova Cachoeirinha 1ª Seção, 80313957 Rocha / PR;2022-06-14
66;Ana Beatriz Silveira;paulosilveira@vieira.br;+55 11 4693 7632;Ladeira da Mata, 41, Conjunto Califórnia Ii, 52274722 Nascimento Alegre / TO;2023-08-01
67;Ana Clara Aragão;juliacastro@yahoo.com.br;84 5154-1825;Lago Arthur Campos, 16, Vila São Francisco, 82267998 Cavalcanti / AC;2022-03-03
68;Gustavo da Mata;carolinecardoso@hotmail.com;+55 (011) 6995 9578;Lagoa de Barros, 106, Tupi B, 44758073 Oliveira de Barros / AP;2023-08-29
69;Danilo da Paz;emanuelly83@oliveira.com;+55 84 4666-8463;Fazenda Almeida, 77, Cônego Pinheiro 1ª Seção, 85535-540 da Rosa / SP;2024-06-02
70;Sra. Luiza Pinto;souzamaria-clara@yahoo.com.br;+55 (051) 2121 6960;Trevo Ana Lívia da Conceição, 1, Alto Dos Pinheiros, 55241-148 da Mota / RO;2021-12-11
71;Renan Dias;isabellyaraujo@bol.com.br;+55 11 7294-9369;Campo Rodrigo Fernandes, 90, Vila Nova Gameleira 2ª Seção, 27057502 Caldeira / AM;2025-02-17
72;Emanuella Castro;nogueiraeduardo@uol.com.br;21 8043 5659;Trevo Leandro Alves, 66, Novo Santa Cecilia, 83007251 Silva das Pedras / MT;2021-02-04
73;Sra. Amanda Caldeira;juan77@azevedo.com;+55 (031) 3265-7974;Esplanada Thiago da Rocha, Marmiteiros, 66530296 da Luz / PR;2020-12-27
74;Stephany Farias;pereirabreno@yahoo.com.br;(051) 6214-2800;Rodovia Moraes, 948, Teixeira Dias, 67971-514 Nogueira de Minas / RN;2022-03-09
75;Cauã Pires;nicolerezende@nascimento.com;(081) 4122-4326;Praia de Dias, 29, Castanheira, 82265240 da Costa da Praia / MS;2020-08-30
76;Dra. Maria Julia da Luz;cunhajoao-vitor@rodrigues.br;+55 71 9102 6310;Colônia de Cardoso, 12, Granja Werneck, 28301-940 Rocha / PE;2022-10-21
77;Vicente da Mata;cardosojoaquim@jesus.com;41 4397-8228;Pátio de Porto, 441, Vila Madre Gertrudes 2ª Seção, 90058181 Silveira / AC;2024-05-15
78;Ana Carolina Farias;julialima@fernandes.br;+55 (061) 0261-0073;Favela de Farias, 35, Xodo-Marize, 53400-266 da Mota das Flores / AP;2020-09-16
79;Nathan Silveira;ian56@hotmail.com;61 6386-7482;Avenida Ana Vitória Castro, 3, Jaraguá, 47645-035 da Cunha Grande / ES;2020-06-24
80;Lucca da Cruz;ana46@yahoo.com.br;+55 (071) 2160-8997;Conjunto de Viana, 12, Vila Nova Cachoeirinha 2ª Seção, 10860235 Mendes de Costa / MS;2024-02-13
81;Luna Lima;pereiralavinia@gmail.com;+55 41 7907-2164;Fazenda de Rodrigues, 567, Boa Vista, 40976827 Pinto do Amparo / RO;2021-04-18
82;Sr. Pedro Cavalcanti;cauamartins@yahoo.com.br;+55 (081) 1838-6592;Parque Azevedo, 56, Novo Das Industrias, 57802454 Oliveira / BA;2024-05-18
83;Olivia da Costa;esther02@silveira.br;(071) 4623 8437;Área de da Conceição, São Vicente, 31573855 Almeida da Prata / SE;2024-10-30
84;Carlos Eduardo Vieira;costelamaria-vitoria@oliveira.br;81 5364 7759;Condomínio Aragão, 161, Guaratã, 68711-620 Costela das Pedras / MS;2022-09-07
85;Kevin da Rosa;pietrada-costa@bol.com.br;31 2926-7889;Campo Lima, 91, Funcionários, 79056884 da Luz de Gonçalves / RS;2021-05-16
86;Letícia Mendes;araujojoao@gmail.com;(011) 3212 3029;Área de Costa, 21, Urca, 26917874 da Cunha / SC;2020-08-02
87;Sra. Bárbara Martins;diogo58@rodrigues.com;(084) 2624-1885;Núcleo Sofia da Cruz, 35, Mala E Cuia, 28842-116 Correia / MT;2021-12-21
88;Lara Alves;breno66@gmail.com;+55 51 9018 5193;Estrada Lima, 942, Grajaú, 52443348 Rodrigues da Prata / AP;2023-12-31
89;Davi Lucas Nogueira;uoliveira@farias.br;(071) 6126-1337;Travessa de Jesus, 2, Senhor Dos Passos, 48309-614 Correia Verde / RR;2023-02-04
90;Ana Lívia Caldeira;emanuella54@da.com;+55 84 7656-6781;Distrito Alves, 98, Glória, 78297-866 Pinto / MG;2022-04-18
91;Nina Castro;loliveira@ig.com.br;+55 61 6189 3953;Pátio de Pereira, 33, Pongelupe, 59238-150 Nunes da Prata / AP;2022-12-21
92;Davi Lucas Fernandes;klima@barbosa.com;71 5949 1997;Fazenda de Castro, 56, Vila Mantiqueira, 66290082 Pinto / PE;2024-03-08
93;Sra. Stella da Mota;cauaramos@araujo.net;(084) 3346-4341;Núcleo Lima, 523, Vila São Rafael, 59012-761 Ramos / MG;2021-04-01
94;Vitor Gabriel Moura;raquelmoreira@uol.com.br;51 4961 1314;Campo Mariane da Cruz, 953, Vila Vista Alegre, 70654-841 da Mota da Praia / PA;2022-05-09
95;Vicente da Cruz;cnunes@gmail.com;11 9794 1175;Recanto de Azevedo, 933, Vila Santo Antônio Barroquinha, 56748-136 da Rosa de da Rosa / CE;2023-12-17
96;Maria Fernanda Nunes;santosagatha@moraes.br;+55 (011) 8829-0626;Ladeira Arthur Duarte, 44, Dom Silverio, 88691161 Duarte das Pedras / PE;2020-05-22
97;Heloísa Cavalcanti;hviana@lima.br;71 8372 1814;Praia Marcos Vinicius Melo, 64, Novo São Lucas, 67989394 Vieira / PA;2022-08-26
98;Srta. Kamilly Caldeira;ana-laura73@pinto.br;+55 21 8788-1000;Viela de Azevedo, Confisco, 62823761 Rodrigues de Lopes / RR;2022-05-22
99;Ana Laura Rezende;almeidaluiz-miguel@alves.com;(071) 9990-7927;Lago da Cruz, 325, Bom Jesus, 86605497 da Cunha das Flores / RN;2022-06-27
100;Bernardo Viana;joao-miguelaragao@barbosa.com;(084) 0569-3829;Trevo Carvalho, 599, Planalto, 81930208 Costela / RJ;2020-08-02
101;Sr. Bernardo Farias;brodrigues@mendes.br;+55 84 2049-9926;Ladeira de Souza, 66, São Jorge 1ª Seção, 10780154 Ferreira / SP;2023-02-24
102;Juan Souza;carlos-eduardojesus@bol.com.br;+55 71 9689 5934;Feira Carvalho, 268, João Paulo Ii, 54455936 Azevedo Alegre / CE;2022-07-27
103;Ryan Rezende;cavalcantibarbara@hotmail.com;(021) 5251 6040;Setor Luiz Miguel Farias, Vila Do Pombal, 21470-110 Alves de Goiás / PB;2020-05-11
104;Srta. Rafaela Araújo;ejesus@silva.br;+55 (011) 0736 1680;Quadra Cardoso, 72, Laranjeiras, 13493-348 Ramos Alegre / PA;2024-06-08
105;Calebe Moraes;ypires@almeida.com;11 9780-8599;Praça Azevedo, Castelo, 51176-890 Teixeira do Oeste / RJ;2020-11-17
106;Eduardo da Paz;costalais@aragao.br;11 8039 2369;Colônia Vitor Hugo Moraes, 76, Lajedo, 83202283 Campos / RO;2020-05-24
107;Marcos Vinicius Nunes;isabel27@hotmail.com;21 9073-0664;Loteamento de Costa, 51, Vila Da Luz, 97059-151 Nunes Alegre / SC;2021-03-29
108;Leonardo Gonçalves;odias@bol.com.br;0300 047 4948;Esplanada de Azevedo, 3, Leonina, 09235087 Martins / GO;2025-01-23
109;Laís Melo;nascimentomilena@gmail.com;+55 21 2107-8620;Parque de Gonçalves, 45, Pedreira Padro Lopes, 32440473 Santos da Serra / RO;2021-09-20
110;Emanuelly Nogueira;tpereira@yahoo.com.br;+55 41 6435-3226;Travessa Julia Pereira, 85, Vila Trinta E Um De Março, 55827-060 Nogueira / RO;2023-06-12
111;Caio Freitas;vicenteribeiro@ig.com.br;(021) 8400 0243;Travessa Alves, 5, Vila Jardim Alvorada, 73769-021 Castro do Oeste / RN;2021-12-12
112;Ana Araújo;leandro27@vieira.br;0800 730 3671;Parque Lucas Gabriel Teixeira, 90, Castanheira, 12026-394 Sales do Oeste / ES;2024-12-20
113;Pedro Henrique Fernandes;pedro17@bol.com.br;(071) 3974-5465;Área Nathan Vieira, 64, Conjunto São Francisco De Assis, 12272-562 Teixeira de Azevedo / PB;2022-12-25
114;Emanuel da Mota;santosmilena@fernandes.br;61 0389-9134;Rua Calebe Farias, 54, Vale Do Jatoba, 31250-363 Monteiro da Praia / AC;2022-09-21
115;Lucas Duarte;limaluiz-felipe@hotmail.com;+55 84 8329-2852;Via de da Mota, 2, Vila Real 1ª Seção, 21988334 Correia de Lopes / AP;2021-11-05
116;Dra. Nicole Araújo;camila15@pereira.com;+55 (081) 5870-3176;Trecho Davi Lucas Rocha, 6, Ernesto Nascimento, 14919530 Castro / SE;2022-12-05
117;Enrico Barbosa;emendes@castro.org;(031) 2670 6403;Rua Nascimento, 728, Vila Do Pombal, 48681318 Sales Grande / PE;2020-08-06
118;Dr. Danilo Duarte;yda-costa@freitas.com;+55 71 2668-7905;Chácara da Rosa, 568, Belmonte, 25576768 Rezende / SC;2023-03-31
119;Antônio Santos;raqueloliveira@vieira.br;+55 (021) 0539 0839;Largo Isaac Rezende, 43, Santo Agostinho, 16380646 Caldeira / GO;2022-08-20
120;João Lucas da Cruz;carvalhobenicio@uol.com.br;81 4466 3139;Rua Pietro Cardoso, 28, Minas Brasil, 78281-767 Barbosa / AL;2025-03-03
121;Anthony Fernandes;natalia87@gmail.com;(071) 9301-8413;Condomínio de Freitas, Lagoa, 17575-848 Fernandes / RR;2020-07-15
122;Davi Lucca da Cunha;laisdas-neves@castro.com;61 1112 2049;Passarela Caldeira, 5, Marieta 3ª Seção, 92667856 Araújo de Barbosa / MG;2020-08-13
123;Olivia Cavalcanti;xpereira@bol.com.br;84 3663-7599;Residencial de Correia, 13, Vila Puc, 12548-362 Melo / PE;2024-06-13
124;Laís Santos;pintoisaac@hotmail.com;51 5874 0023;Ladeira Leandro Aragão, Pirineus, 42823-741 Ramos / MA;2024-08-05
125;Luiz Fernando Lima;fogacaana-livia@rodrigues.com;(051) 2313 0138;Condomínio Sales, 177, Vila Fumec, 35300736 Melo / SE;2021-12-22
126;Sr. Breno Moraes;beatriz01@fogaca.br;+55 (011) 0103 0380;Loteamento de Porto, 72, Vila Pinho, 90468-745 Nunes do Campo / AP;2023-07-09
127;Maria Clara Correia;cpeixoto@nogueira.com;71 8455 4060;Fazenda Pedro Lucas Moraes, 93, Vila Sumaré, 54415-427 Souza da Praia / MA;2023-11-08
128;Giovanna Pereira;vribeiro@oliveira.com;(051) 9544 0951;Praça Miguel Correia, 371, Delta, 29818-433 Azevedo / ES;2023-09-15
129;Luiz Otávio Rocha;igoncalves@santos.com;(071) 1580 0387;Vila Rezende, 853, Santa Cecilia, 39949765 Carvalho do Sul / BA;2024-03-26
130;Ana Sophia Pires;rochaaugusto@caldeira.com;11 0787 9318;Favela Beatriz Freitas, 262, Aparecida 7ª Seção, 89590161 Oliveira do Amparo / ES;2022-08-01
131;Luna Carvalho;luigicosta@bol.com.br;(084) 4700 3199;Rua de Costa, Vila Olhos D'água, 90686449 Ramos de da Mata / AP;2023-11-16
132;Rodrigo Alves;da-conceicaocecilia@gmail.com;61 3243-0632;Distrito Luiz Fernando Cavalcanti, 97, Nova Cachoeirinha, 87154-652 Pereira de das Neves / SP;2020-03-27
133;Danilo Duarte;enrico97@ig.com.br;0800-291-2432;Quadra Pietra da Paz, Indaiá, 88985842 Moraes do Galho / GO;2025-01-02
134;João Vitor Barbosa;caue69@freitas.br;41 6057 5483;Via Ryan da Mota, 58, Céu Azul, 40785888 da Rocha / PB;2020-09-29
135;Sra. Sophie Carvalho;rcastro@carvalho.com;11 4845 3558;Quadra Yasmin Martins, 94, Xangri-Lá, 33899-208 da Conceição / MS;2022-04-08
136;Sofia Santos;umoraes@gmail.com;81 3275 7738;Largo de das Neves, Boa Vista, 62374967 Almeida de Pinto / RN;2023-07-10
137;Sr. Luiz Otávio Teixeira;eduardada-costa@pinto.com;(084) 7075-7793;Vereda Costa, 86, Gameleira, 79648501 Gonçalves de Silveira / AP;2022-11-25
138;Larissa Rezende;trezende@ig.com.br;0800-084-8974;Residencial de Fernandes, 59, Santa Branca, 23850370 Silveira / RS;2024-04-04
139;Isabella Carvalho;luiza25@cardoso.br;41 1183-3353;Lago Davi Lucas Monteiro, 6, Trevo, 06759957 Nascimento / TO;2022-01-27
140;Matheus Jesus;das-nevesmirella@uol.com.br;71 6585-6774;Colônia de da Cruz, 76, São Paulo, 69564-907 Monteiro / DF;2023-04-08
141;Dra. Emanuelly Alves;das-nevesmarcelo@silveira.br;+55 (081) 7068 9408;Campo Lucca da Paz, Castelo, 46930-111 Sales / MA;2024-04-23
142;Sr. Lucas Gabriel Ramos;vieiraaugusto@gmail.com;0800 968 8612;Residencial Alice da Luz, 68, Serrano, 73794323 Melo do Oeste / PB;2022-10-19
143;Sr. Guilherme Cavalcanti;brendaalves@gmail.com;+55 (011) 8180-3858;Residencial de Dias, 44, Candelaria, 56872-822 Mendes de Jesus / SE;2024-09-05
144;Enrico da Cunha;alveseloah@lopes.br;+55 (061) 6283 3081;Estação de Melo, 89, Jardim Alvorada, 20406805 Teixeira das Pedras / CE;2024-05-07
145;Lívia Farias;augustocardoso@yahoo.com.br;+55 (021) 2995 1460;Estação Araújo, 197, Maria Virgínia, 55762515 Fernandes / PI;2024-02-21
146;Ana Júlia Teixeira;martinsgustavo@barbosa.com;61 6685-6181;Quadra Farias, 663, Vila Engenho Nogueira, 54412769 Carvalho / PR;2021-02-21
147;Juan Caldeira;renan59@duarte.br;+55 41 3277 5373;Trecho Emanuella Lima, Concórdia, 61939903 Freitas / PE;2023-10-16
148;Alícia Barbosa;isisgoncalves@ig.com.br;+55 (041) 9598-8106;Feira de Nogueira, Vila Maria, 39420-485 Moraes / PB;2020-11-18
149;Alícia Farias;gomeslivia@yahoo.com.br;+55 (081) 2326 0820;Passarela Agatha Viana, 68, Vila Nova Paraíso, 57230531 Porto dos Dourados / RR;2022-04-16
150;Luiz Miguel Pinto;ypereira@gmail.com;+55 71 8985-5589;Lago Julia das Neves, 8, Conjunto Serra Verde, 82947-133 Viana do Amparo / SC;2024-03-30
151;Sra. Eduarda Cunha;hnunes@cardoso.br;+55 (084) 9447-8780;Trevo Ana Júlia Costela, 47, Nova Esperança, 66306538 Cavalcanti / RR;2021-12-18
152;Emilly da Mata;soliveira@hotmail.com;31 4146 5036;Chácara de Cunha, Vila Maloca, 85893187 Cardoso de Goiás / DF;2023-01-12
153;Elisa Gonçalves;clariceda-cunha@cunha.br;+55 (031) 4754 2269;Setor Luigi Lima, Alta Tensão 2ª Seção, 83100-968 Ferreira de Goiás / PI;2020-04-11
154;Leandro Araújo;calebe66@moura.br;(071) 5379-2905;Feira Ana Duarte, 89, Petropolis, 87623220 Alves do Oeste / DF;2022-08-04
155;Vitor Gabriel Moraes;freitassabrina@viana.com;61 9246-4342;Esplanada Valentina da Cunha, 26, Vila Maria, 19964890 Monteiro / ES;2023-07-02
156;Ian da Mata;iancorreia@silva.br;+55 (011) 9821-6851;Favela da Conceição, Goiania, 42659-514 Jesus / TO;2020-04-13
157;Sr. Thales Ribeiro;joao-guilherme90@gmail.com;31 3407-4938;Trevo de Costa, 14, Paraíso, 20254-721 Silva das Flores / MT;2022-03-31
158;Dr. Joaquim Rodrigues;livia89@silva.net;71 3388-1208;Estação de Ribeiro, 55, Vila Puc, 35176-232 Caldeira do Sul / GO;2023-06-14
159;Srta. Sabrina Fogaça;sarahnascimento@mendes.com;+55 51 7368 7043;Campo Ferreira, 65, Vila Madre Gertrudes 4ª Seção, 53589-258 Peixoto / AM;2022-08-27
160;Emilly da Mota;emanuellyvieira@bol.com.br;+55 (084) 0631-5467;Estação Martins, 14, Comiteco, 09383-502 Peixoto / SC;2024-01-16
161;Sra. Ana Laura Nascimento;rodrigodas-neves@ribeiro.com;21 6999 5292;Favela Alves, 77, Unidas, 90580417 da Costa / AP;2022-11-10
162;Alícia Teixeira;maria-eduardamartins@cavalcanti.br;11 0728-8065;Ladeira de Melo, 725, Madre Gertrudes, 05418-026 Costa / ES;2023-10-16
163;Diego da Rocha;aviana@rezende.com;(011) 9166-8217;Jardim Fernandes, União, 77530-720 Melo / MT;2022-09-07
164;Marcelo Jesus;pirespedro-lucas@ig.com.br;+55 71 3875 3725;Chácara Nicole Moreira, 57, Varzea Da Palma, 06994-464 Cavalcanti / AC;2021-05-08
165;Alice Rezende;wferreira@yahoo.com.br;11 3009-6350;Viela Moraes, 24, Leonina, 79492124 Aragão / RO;2022-04-07
166;Otávio Cardoso;pda-cruz@hotmail.com;(011) 1462-1709;Largo Caldeira, 37, Nossa Senhora De Fátima, 75240516 Castro da Mata / DF;2020-12-17
167;Sr. Leandro Correia;leticia62@hotmail.com;84 6563 2890;Residencial de Monteiro, 291, Embaúbas, 48973-996 Costa do Oeste / ES;2023-10-20
168;Maria Monteiro;davi-luizdas-neves@yahoo.com.br;(071) 4371-5060;Feira Isabel Pinto, 9, Conjunto Califórnia Ii, 04434-911 Moreira do Campo / RN;2021-10-07
169;Vitor Gabriel Dias;fernandomonteiro@yahoo.com.br;+55 (011) 5293 6315;Área de Carvalho, 98, Vista Do Sol, 58135271 Freitas / PR;2020-05-21
170;Vicente Teixeira;alana40@correia.br;+55 (061) 0934 5935;Via Costela, 11, Vila Santo Antônio, 21807125 Nunes / MS;2024-05-09
171;Maria Cecília Alves;iviana@yahoo.com.br;21 6291-6357;Estrada Cauã Costela, 51, Rio Branco, 35714787 Cavalcanti de Moraes / RS;2024-12-13
172;Maitê Carvalho;brunaaragao@nogueira.com;51 8538 5557;Favela das Neves, 11, Campo Alegre, 94911-761 Mendes da Serra / ES;2022-08-08
173;Davi Luiz da Conceição;pirescaroline@alves.org;(021) 9223 7707;Vereda de Correia, 79, Santa Monica, 01781-428 Ramos do Amparo / MT;2022-09-24
174;Srta. Beatriz Melo;kcunha@dias.com;11 0461 7061;Sítio de Barros, 1, Olaria, 97486-430 da Rocha de Melo / PI;2023-07-28
175;Luiz Gustavo Cardoso;onunes@cardoso.net;31 9379 8541;Travessa de Alves, 529, Santa Cruz, 59197507 Moura do Galho / MA;2021-03-20
176;Diego Moraes;costelacatarina@souza.com;+55 (031) 7849-2256;Esplanada de Ribeiro, 63, Jardim Felicidade, 02109516 Jesus Alegre / CE;2024-01-21
177;Brenda da Mata;vgoncalves@bol.com.br;(061) 8659-7981;Jardim Vieira, 6, São Gonçalo, 73625-338 Cunha do Norte / DF;2023-11-14
178;Nathan Jesus;wcostela@martins.net;71 9124-3205;Praça Vicente Pereira, 4, Nova Pampulha, 35418-816 Mendes de Melo / BA;2022-12-06
179;Dra. Ana Julia Silva;diogo79@gmail.com;+55 (011) 7340-4719;Lago de Peixoto, 7, Marçola, 33398085 Ribeiro / DF;2021-10-04
180;Cauã Monteiro;pedro-miguel44@duarte.com;+55 (041) 9677-1224;Viaduto de Costela, 2, Vila Paquetá, 75559-886 Rocha da Serra / RJ;2022-10-03
181;Lucas Gabriel Moreira;da-rosalevi@uol.com.br;(071) 9935-2337;Avenida de Almeida, 67, Vila Nova Dos Milionarios, 98853683 da Conceição das Pedras / ES;2021-05-28
182;Gabrielly da Mata;nataliapires@gomes.org;+55 (071) 9457-6285;Fazenda de Moraes, 16, Jardinópolis, 03861876 Correia Paulista / MA;2020-07-14
183;Isabella da Cruz;krezende@moraes.br;51 7984 8145;Passarela Campos, 54, Palmares, 18785-452 Sales Grande / PB;2023-06-05
184;Alice Duarte;da-motaeduardo@bol.com.br;81 8301 6902;Rua da Conceição, 20, Diamante, 16165673 da Rocha da Mata / AL;2021-08-28
185;Dra. Sabrina Gomes;melissa04@ig.com.br;+55 41 7177-8914;Rua da Cruz, 65, Fernão Dias, 23939258 Martins / ES;2020-07-22
186;Milena Rocha;rodriguesalexia@martins.br;+55 (084) 6149 2312;Avenida Rezende, 74, Boa União 2ª Seção, 25407-802 Lima do Norte / RR;2022-09-21
187;Theo Mendes;maite94@bol.com.br;+55 61 3786 8191;Largo de Pinto, 552, Centro, 78640088 Campos dos Dourados / MT;2024-04-14
188;Rodrigo Porto;marianaaraujo@peixoto.com;0500 976 8875;Viaduto Cardoso, Vila Betânia, 44243-660 Melo de Nascimento / AL;2020-08-18
189;Theo Caldeira;sarahramos@gmail.com;(041) 9688 5021;Parque de Vieira, Vista Do Sol, 17464479 Fernandes / SP;2025-03-12
190;Kevin Duarte;cardosoluiz-henrique@ig.com.br;+55 (011) 3284-6663;Área de Teixeira, 5, Cônego Pinheiro 1ª Seção, 98347-887 Araújo de Pereira / PA;2021-04-15
191;Alexia Rodrigues;alexia14@hotmail.com;0900 826 4666;Lago Marcela Rezende, 7, Vista Do Sol, 02314-971 Costela / MA;2022-09-03
192;Henrique Pires;duartemaria@caldeira.com;+55 71 3822 0980;Loteamento de Correia, 61, Olaria, 76485-303 da Conceição / ES;2021-10-25
193;Sofia Cavalcanti;valentina36@gmail.com;71 6293 4422;Campo Fogaça, 181, Coração De Jesus, 88842-378 Rocha / SP;2023-07-25
194;Rafaela Gomes;almeidaluigi@da.net;(031) 3296-9170;Sítio Melo, Juliana, 79254145 Nascimento do Oeste / SP;2023-01-21
195;Emilly Cardoso;oliviacaldeira@ig.com.br;+55 11 6356-6933;Alameda Farias, 5, Vila Nova Cachoeirinha 1ª Seção, 11738772 da Paz / PA;2023-08-23
196;Enzo Gabriel Barros;halves@yahoo.com.br;(071) 2714-0195;Feira Nunes, 2, Caiçara - Adelaide, 78439350 Santos do Oeste / PB;2021-10-09
197;Sarah Ferreira;pietra51@barbosa.com;(081) 1108 9080;Morro Enzo Moreira, 8, Pilar, 59621982 da Luz de Freitas / MG;2021-05-13
198;Dra. Amanda Araújo;ygomes@costela.net;+55 84 1909-7396;Quadra das Neves, 50, Savassi, 75771-494 Moraes / MS;2022-05-06
199;João Pedro Carvalho;azevedomaria-cecilia@moreira.com;(041) 5128-9129;Via Porto, 78, Pedreira Padro Lopes, 68007147 Vieira Paulista / BA;2024-07-11
200;Juan da Mota;yasmin86@ig.com.br;+55 (011) 5161 2706;Campo Ana Laura Almeida, Nova Cintra, 77972820 Castro da Serra / MA;2024-01-29
201;Amanda Gomes;ymoraes@gmail.com;+55 (071) 9742-1069;Praça da Costa, 8, Vila Da Paz, 48017-724 Barbosa / AL;2021-06-03
202;Dra. Vitória da Luz;muriloduarte@cunha.org;21 1317-6515;Parque de da Cruz, 75, Mangueiras, 75222-146 Dias / AP;2021-04-27
203;Thales das Neves;souzapedro-henrique@sales.br;(051) 1183-6124;Jardim Heloísa da Costa, 6, Vila Suzana Segunda Seção, 81008552 Pinto da Praia / BA;2024-03-26
204;Maria Sophia Duarte;da-matafrancisco@hotmail.com;(081) 4187 5708;Estação Vinicius da Conceição, 66, Caetano Furquim, 99025-752 Cardoso / MS;2023-04-08
205;João Guilherme Gonçalves;ana-laura05@sales.com;71 5834 4156;Quadra Yago Pereira, Olhos D'água, 43985625 da Luz / PI;2023-07-01
206;Sra. Alice Souza;paulocarvalho@gmail.com;(084) 4572 8041;Trecho Marina da Rosa, Monte São José, 87377-022 Lima / SC;2024-02-29
207;Cecília Costa;nogueirafelipe@gmail.com;(041) 5619-3947;Praça Ana Lívia Fogaça, 96, Marilandia, 79099988 Rodrigues / BA;2022-09-25
208;Luiz Felipe Nunes;joana45@moraes.br;31 1955-5066;Campo de Monteiro, 11, Bela Vitoria, 93886987 da Cruz / AP;2024-01-03
209;Lara Santos;mdas-neves@ig.com.br;11 9137 6234;Setor Murilo Silva, 35, Barro Preto, 69994620 da Rosa do Amparo / CE;2022-06-04
210;Mirella Cardoso;wcarvalho@yahoo.com.br;+55 (081) 9423 5911;Favela Ana Lívia da Rosa, 282, Parque São Pedro, 53483294 Fogaça de Dias / PA;2022-02-05
211;Sr. Igor Caldeira;enzopinto@uol.com.br;+55 51 7687 2585;Morro Emanuel da Luz, 627, Xangri-Lá, 82748493 da Cruz / MA;2022-11-28
212;Levi Melo;maria-luizada-mota@gmail.com;(061) 1921 7847;Lagoa da Luz, 2, Conjunto Bonsucesso, 31017-904 Melo do Sul / AP;2020-05-29
213;Luiz Henrique Castro;joao-pedropeixoto@hotmail.com;41 6853-3998;Conjunto de Melo, 232, Diamante, 80136659 Cavalcanti / RN;2020-04-21
214;Vinicius Santos;mcunha@melo.br;21 2680-4452;Passarela Stephany Nunes, 35, Vila São Francisco, 20644-602 Moraes / PA;2020-11-08
215;Davi Luiz Cavalcanti;tviana@porto.br;31 2235 3878;Passarela Sarah Freitas, 38, Ipiranga, 22899-796 Araújo / CE;2021-10-14
216;Maysa Rodrigues;vitorlopes@mendes.com;(081) 2310 4355;Conjunto de Lopes, 37, Vila Piratininga, 43147286 da Mata / RJ;2020-12-11
217;Rafaela Caldeira;mteixeira@da.net;(021) 4843 6928;Pátio Giovanna Nogueira, Vila Satélite, 24582-900 Barros da Serra / MS;2022-04-13
218;Gabriela da Rosa;cteixeira@yahoo.com.br;+55 (021) 7161 6783;Viela da Costa, 16, Cdi Jatoba, 14154-165 Almeida / RR;2020-04-13
219;Miguel da Rocha;vitor-gabriel73@hotmail.com;+55 (071) 9559 8371;Avenida da Rosa, 32, Barão Homem De Melo 3ª Seção, 43680729 Cunha Paulista / CE;2022-12-26
220;Maria Sophia da Paz;alana39@uol.com.br;(031) 1459 6266;Rua de Costela, Estrela Do Oriente, 46890-715 Mendes / GO;2020-12-22
221;Gabriela Cunha;matheusnascimento@bol.com.br;(041) 8033-4566;Rodovia de da Mata, 1, Granja Werneck, 01002-626 da Cunha de Fogaça / MG;2022-04-30
222;Emanuella Caldeira;julia33@campos.com;+55 41 5033-4783;Condomínio Rocha, 51, Jardim Montanhês, 47145857 Pereira do Sul / MA;2023-06-03
223;Levi da Rosa;caue21@bol.com.br;(071) 0368-9513;Recanto de Ribeiro, 994, Juliana, 32020-106 Monteiro / MG;2023-03-07
224;Larissa Mendes;ana-laura56@bol.com.br;+55 (061) 1306-7024;Pátio Mendes, 85, Custodinha, 51012641 Aragão Grande / SC;2023-05-08
225;Luana Vieira;barbosaisabel@da.br;31 7194 6764;Aeroporto Heloísa Costela, 9, Varzea Da Palma, 03425-166 Costela / AM;2024-09-16
226;Ryan da Cruz;ana-liviada-paz@nunes.com;+55 (011) 3868 8688;Condomínio de Campos, Ouro Minas, 20622657 Cardoso / PI;2021-09-17
227;Agatha Dias;fernandesmarcelo@gmail.com;0800 803 4310;Condomínio de Nunes, 18, Jardim Leblon, 06925-049 Cardoso / RN;2022-06-16
228;Luigi Farias;luiz-henrique99@monteiro.com;+55 (051) 1760 1539;Travessa da Mata, 45, Unidas, 78072-781 Vieira da Serra / PA;2020-04-26
229;Pedro Viana;zalmeida@da.com;11 6843 9373;Via de da Mata, 86, Maria Goretti, 32986611 Fernandes / AP;2021-04-17
230;Leonardo Cardoso;maria-eduarda60@hotmail.com;+55 (021) 2861-9080;Favela Alves, 21, Bairro Das Indústrias Ii, 39330977 Martins do Oeste / DF;2025-01-08
231;Lara Aragão;da-pazenrico@da.br;11 7969-6867;Vereda João Gabriel Ramos, 82, Vila Paquetá, 33663-320 Souza da Prata / SP;2023-12-23
232;Marina Carvalho;jrezende@rocha.com;31 4506 9748;Fazenda de Dias, 69, Vila Minaslandia, 67213111 Barros de Mendes / AL;2021-04-22
233;Alícia Nogueira;tcaldeira@uol.com.br;(041) 5524 2589;Loteamento de Pires, 457, Vila Nova Cachoeirinha 2ª Seção, 47773-740 Silveira do Campo / MG;2020-04-20
234;Srta. Emanuella da Cruz;pfernandes@carvalho.com;+55 31 5546-9787;Estação da Mata, 92, Concórdia, 41644950 Novaes / TO;2024-09-29
235;Sra. Clara Gomes;eoliveira@bol.com.br;(031) 0311-3227;Avenida de Novaes, 9, Minaslandia, 06818535 da Cunha do Norte / AL;2020-07-23
236;Alana Araújo;rafaelasales@alves.org;+55 81 0548 5157;Setor de Dias, 41, Novo Tupi, 37758-827 Cardoso / RJ;2020-12-16
237;Esther da Costa;juliamonteiro@ig.com.br;+55 (031) 1603 3438;Conjunto Moura, 7, Ribeiro De Abreu, 30622610 Rodrigues / RO;2021-03-01
238;Bruna Alves;da-conceicaolucas@duarte.net;+55 (081) 1283-6976;Avenida Fogaça, 17, Vila Mantiqueira, 56531-340 Correia / RN;2022-06-23
239;Srta. Olivia Dias;pedro-henriquelopes@aragao.org;(041) 1701-1230;Trecho de da Luz, 3, Vila Antena Montanhês, 10012-370 Lima / MG;2022-07-12
240;Alexandre Rodrigues;thiagodias@bol.com.br;71 5636-1595;Residencial Costa, Vila Inestan, 26679-885 Alves de Castro / AP;2024-03-18
241;João Miguel Santos;cecilia81@cardoso.com;+55 61 5729 8466;Feira Azevedo, 46, Vila Nova Cachoeirinha 2ª Seção, 24160-025 Dias / AM;2025-03-08
242;Sra. Raquel da Mata;tgoncalves@viana.org;+55 (021) 1528-7422;Trecho Viana, 11, Primeiro De Maio, 65166-022 Fogaça de Jesus / PI;2022-03-28
243;Yuri Campos;evelynsilva@rocha.com;(084) 2960-4799;Lago Cunha, 76, Vila São Gabriel, 23916855 Caldeira de Goiás / PB;2020-07-03
244;Leonardo Martins;bmendes@ig.com.br;(021) 3856 6418;Conjunto de Cardoso, 5, Vitoria, 48494-447 da Paz / PA;2023-05-22
245;Srta. Valentina Pires;aliciaribeiro@bol.com.br;+55 61 2530 7134;Praia Isaac Vieira, 78, Boa Viagem, 30326-470 Silva / CE;2022-11-21
246;Olivia Pinto;davi-luiz98@oliveira.com;84 3325-0271;Conjunto de Nogueira, 398, Corumbiara, 35045063 Gonçalves / RJ;2020-12-07
247;Raul Oliveira;eduardo72@uol.com.br;+55 61 4265-8956;Pátio de Castro, 76, Venda Nova, 37994648 Souza / SE;2021-02-19
248;Ana Carolina Duarte;bnogueira@fogaca.com;51 5546 0329;Quadra de Porto, Jardim Guanabara, 07770-099 da Luz / PA;2022-02-16
249;Breno Barros;mcampos@yahoo.com.br;84 6484-3914;Núcleo de Farias, 56, Cenaculo, 20597661 Barbosa Verde / MG;2020-08-23
250;Rafaela Melo;pedroaraujo@moraes.br;+55 21 4117-8696;Residencial Cardoso, 61, Santa Rita De Cássia, 52089-825 Moura / MG;2020-06-21
251;Alícia da Cunha;moraesdavi@duarte.com;71 1257 4481;Fazenda Melissa Lopes, 8, Paulo Vi, 86949716 Porto / MA;2023-11-23
252;Srta. Evelyn Vieira;estheralves@novaes.com;+55 71 0308-6318;Vereda de Cardoso, 53, Boa União 1ª Seção, 21266432 Dias das Pedras / CE;2023-10-27
253;Maitê Vieira;da-cunhaleonardo@yahoo.com.br;+55 (061) 6470 1437;Praça Nogueira, 7, Jardim Dos Comerciarios, 60641639 da Mata de da Cunha / AL;2025-03-19
254;Camila Gomes;isabelly09@melo.com;81 9168 1507;Trevo de Sales, 92, Jardim Vitoria, 68348029 Aragão do Oeste / TO;2021-11-03
255;Pedro Henrique Jesus;raulcardoso@farias.com;(051) 4906 9778;Recanto Marcelo da Luz, 87, Jardim Dos Comerciarios, 23664-360 da Cruz Verde / RJ;2023-04-11
256;Natália Gonçalves;dda-mota@ig.com.br;+55 31 0318-3104;Via Gabriel da Cruz, 86, Indaiá, 31375-777 Gomes do Campo / BA;2024-02-25
257;Carlos Eduardo da Rosa;maria-eduarda55@da.org;(021) 6900-8189;Vereda de Oliveira, Marçola, 40030-301 Castro do Galho / PR;2024-11-02
258;Guilherme Nunes;leandrosilva@da.net;+55 21 7694 5554;Travessa Costa, 2, Tupi A, 51124-738 Aragão / PR;2023-05-13
259;Gustavo Carvalho;catarinapereira@yahoo.com.br;81 2840-8551;Loteamento Ferreira, Campo Alegre, 63751520 Caldeira de da Cruz / MT;2021-09-17
260;Eduarda Silveira;cecilia21@rocha.br;+55 (041) 5480 3357;Condomínio Novaes, Novo Tupi, 30141943 Azevedo / AM;2023-05-01
261;Emanuel Sales;rezendeolivia@peixoto.com;(084) 2959 5310;Estrada Lopes, 987, Pirineus, 74976865 da Paz / MA;2022-11-13
262;Lucas Gabriel da Cruz;luiz-otavio36@bol.com.br;21 4030 2109;Via Cavalcanti, 62, Vila Inestan, 53263-289 Farias da Praia / BA;2020-06-25
263;Sra. Gabrielly da Rosa;vieirayago@hotmail.com;21 3703-3939;Travessa Laura Cardoso, 3, Castelo, 77594-946 Nunes de Goiás / PA;2023-08-06
264;Eduardo Nascimento;beatriz95@nascimento.com;(051) 8659 7259;Pátio de Rodrigues, 59, Ouro Minas, 71520-115 Dias / MS;2021-12-16
265;Dr. Noah Farias;vitor62@goncalves.com;+55 81 8969 5527;Colônia Francisco Rocha, 7, Vila São Gabriel, 01593-692 Rezende / PB;2024-06-20
266;Bárbara da Rocha;almeidarafaela@uol.com.br;41 2725 3037;Avenida Ana Clara da Conceição, 6, Nossa Senhora Do Rosário, 82565398 da Conceição / CE;2024-07-03
267;Daniel Ferreira;miguel19@yahoo.com.br;+55 31 8285-1670;Conjunto Melo, 15, Conjunto Minas Caixa, 39306406 Nogueira / RN;2022-01-12
268;Nicole Barros;ana-sophiadias@ig.com.br;81 2997 4086;Alameda Nina da Rocha, Vila Primeiro De Maio, 83762017 Viana / TO;2023-02-23
269;Catarina Porto;xmendes@porto.com;+55 41 5180 1445;Colônia Farias, 7, Vila Satélite, 15533735 Lopes / RR;2024-10-20
270;Ana Beatriz Melo;nuneslaura@yahoo.com.br;+55 (011) 2065-6329;Loteamento Milena Rezende, 716, Vila Barragem Santa Lúcia, 17216380 Mendes / DF;2022-10-05
271;Catarina Jesus;pda-cruz@bol.com.br;+55 31 3406 4606;Praça de da Mota, 12, Bandeirantes, 19438187 Barbosa / MS;2024-03-24
272;Francisco Pires;luiz-gustavo82@hotmail.com;(071) 3070-1549;Trevo de Souza, Trevo, 40297-775 Costa do Oeste / DF;2021-05-04
273;Vitor Gabriel Rezende;thiago76@uol.com.br;84 0793 0706;Estação Costa, 27, Ipiranga, 93223-942 Silva / AL;2023-06-09
274;Davi Lucca da Conceição;leandro20@yahoo.com.br;(084) 0987-7194;Setor de Costela, 89, Vila Santa Monica 1ª Seção, 52464-150 da Paz da Prata / AC;2024-05-26
275;Cauê Rezende;erickazevedo@da.com;(081) 4215-6445;Campo Teixeira, 67, Senhor Dos Passos, 50073889 Costela de da Costa / PA;2020-08-06
276;Samuel Carvalho;mouraemanuel@hotmail.com;(061) 6519-6364;Ladeira Lopes, 26, Aparecida 7ª Seção, 31482-040 Vieira de Nogueira / MS;2025-01-27
277;Joaquim Costela;vitoraraujo@cardoso.com;41 4217 0919;Viela Breno Fernandes, 66, Confisco, 11485-319 Duarte / GO;2022-02-01
278;Olivia Lima;ana98@bol.com.br;(051) 9044-9821;Rodovia de Silva, 46, Vila Califórnia, 65850794 Cunha do Campo / PB;2022-02-16
279;Thiago Pires;da-pazlavinia@uol.com.br;71 8133 3191;Pátio Enzo Fernandes, 74, Vila Mantiqueira, 53787248 Araújo / MA;2024-09-25
280;Sarah da Luz;zfarias@da.com;(081) 0147-8987;Residencial de Monteiro, 866, São Francisco, 70177852 Alves / GO;2021-08-16
281;Stella Rodrigues;ana-livia77@carvalho.br;+55 (061) 4323 6439;Travessa Maria Luiza Nascimento, 21, Boa União 1ª Seção, 31293031 Ribeiro Grande / RJ;2020-11-19
282;Vitor Gabriel Correia;xpires@santos.com;+55 84 7782 4489;Morro das Neves, 8, Vila Primeiro De Maio, 25701-437 Cavalcanti / RJ;2022-07-13
283;Beatriz Porto;rezendelarissa@goncalves.org;81 7842 0987;Pátio Ramos, 50, João Pinheiro, 39515081 Teixeira / PA;2023-08-02
284;Vicente Azevedo;ryanribeiro@silveira.br;0900-480-8582;Residencial Arthur Ramos, 927, Serrano, 04347-741 Pires da Mata / SP;2020-12-06
285;Ana Luiza da Mota;kcavalcanti@yahoo.com.br;(061) 6707 1758;Distrito Ana Lívia Mendes, 8, Pindura Saia, 44181283 Nascimento Paulista / CE;2022-11-06
286;Theo Rocha;otavio54@bol.com.br;(071) 5056-7760;Estação Barbosa, 20, Vila Calafate, 58100417 Cavalcanti do Galho / RN;2021-04-29
287;Enzo Gabriel Novaes;kdas-neves@ig.com.br;+55 51 1634 4390;Parque de Ribeiro, 806, Pindorama, 74328729 Fogaça / CE;2024-07-03
288;André Castro;araujolaura@souza.br;31 1575 1900;Viaduto de Mendes, 7, Nazare, 79437075 da Luz de Melo / AC;2020-07-09
289;João Guilherme Cardoso;pbarbosa@bol.com.br;61 9639 0610;Vila Gonçalves, Nossa Senhora Da Aparecida, 75068-620 Barbosa / SE;2024-11-26
290;Lucas Gabriel Araújo;maria-fernandacardoso@nogueira.br;0300 226 9773;Pátio Nunes, 6, São Benedito, 00912-212 da Rosa / CE;2024-03-07
291;Srta. Sophie da Mata;da-costavitoria@peixoto.com;0500-605-4015;Passarela Mendes, 713, Cidade Jardim, 55720-944 Monteiro Grande / CE;2025-03-09
292;Maria Cecília Gonçalves;xdas-neves@gmail.com;(081) 8536 1137;Distrito de Duarte, 6, Mariquinhas, 38365467 da Cunha / PR;2021-07-10
293;Dra. Lorena Ribeiro;daraujo@gomes.net;+55 (071) 9224-2822;Via Aragão, Taquaril, 36628-477 Ramos / MA;2023-10-15
294;Cauê Barbosa;moreirabenicio@melo.br;61 4900 4908;Via de Rezende, 18, Palmares, 97402-146 Alves do Sul / MA;2024-06-06
295;João Melo;natalia67@uol.com.br;84 7123-4488;Praia de Pereira, 683, Vila Independencia 2ª Seção, 49902293 Souza / AC;2024-02-07
296;Erick Teixeira;nataliasantos@bol.com.br;21 8806 6464;Conjunto de Novaes, 60, Piraja, 42893243 Santos / RS;2024-11-09
297;Rebeca da Luz;da-pazana-luiza@uol.com.br;84 0415-3248;Lago Costela, 2, Santa Rita, 54173121 Rocha de Aragão / MG;2020-08-26
298;Enzo Gabriel Silva;sophie56@correia.br;+55 (084) 4017-9282;Núcleo Laís da Mata, 95, Vila Copacabana, 24254-973 da Costa do Norte / AL;2025-03-09
299;Sra. Milena Silva;erick39@araujo.br;(071) 9676 9474;Condomínio Rafael Barros, 7, Etelvina Carneiro, 86767-029 Mendes da Mata / PA;2022-10-12
300;Marcos Vinicius Rezende;juliaramos@uol.com.br;(061) 4569 2839;Vale Gonçalves, 72, Distrito Industrial Do Jatoba, 03054-445 Martins / GO;2022-10-03
301;Dra. Olivia Sales;freitasmatheus@yahoo.com.br;81 0209-4146;Condomínio de Aragão, 14, Parque São Pedro, 00636-182 Viana / PB;2024-01-03
302;Sr. Pedro Henrique Martins;rodrigo18@ribeiro.net;+55 51 8165 6958;Campo Moura, 37, Vera Cruz, 53809-624 Caldeira / SE;2021-10-07
303;Joaquim Ribeiro;rodriguesbruna@yahoo.com.br;+55 (031) 5623-3981;Trevo Moura, 89, Vila Inestan, 76773004 Caldeira dos Dourados / MS;2021-07-19
304;Miguel da Mata;arthurpires@peixoto.org;+55 (011) 5815 4846;Colônia de Peixoto, São Francisco, 62688-238 Monteiro do Amparo / DF;2023-05-03
305;Lorena Farias;diogoalves@azevedo.br;41 4286 6483;Distrito de Rezende, 476, Coqueiros, 87505-381 da Rosa / CE;2024-07-24
306;Daniel Sales;oliveiramarcelo@uol.com.br;+55 61 5222-0134;Núcleo Mendes, Bela Vitoria, 47545-791 das Neves Alegre / AP;2022-09-22
307;Giovanna Duarte;fdas-neves@pires.com;+55 11 7843 9945;Avenida Barros, 42, Nossa Senhora De Fátima, 32812720 Oliveira / RN;2023-11-16
308;Isis Barros;alvesana@azevedo.net;(051) 9605-2828;Praça Campos, 26, Serra, 23612059 da Mata / RR;2022-10-12
309;Sarah Vieira;beniciodias@da.br;(081) 4402-7935;Largo Duarte, 62, Nova Suíça, 90963637 da Paz Paulista / PA;2020-05-03
310;Marcela Martins;gomesenzo@azevedo.com;+55 31 1739-5235;Distrito de Azevedo, Universitário, 16588-810 Rodrigues dos Dourados / AC;2022-01-13
311;Davi Luiz Costa;cdas-neves@silva.com;+55 (061) 3031-6410;Lago de Barros, 23, São Geraldo, 00786-538 Rezende Paulista / TO;2022-05-29
312;Agatha da Mota;costaheloisa@yahoo.com.br;+55 (031) 0382 7964;Travessa Letícia Pires, 78, Paulo Vi, 79734-072 Jesus / TO;2024-08-27
313;Renan Carvalho;ccarvalho@yahoo.com.br;+55 31 0279-9202;Residencial Thales Lopes, 8, Chácara Leonina, 43554-277 Cardoso / MS;2024-07-11
314;Camila Rodrigues;rgoncalves@costa.br;0300-633-8991;Lagoa de da Cruz, 42, Satelite, 34184-598 Alves / SP;2022-07-18
315;Gustavo Henrique Carvalho;jesusgiovanna@oliveira.com;0800 205 0133;Fazenda Juliana da Costa, 372, Conjunto Santa Maria, 85153625 da Mata / SP;2023-01-02
316;André Cavalcanti;castrovalentina@azevedo.net;+55 (041) 5305 7136;Rua Nogueira, 2, Tupi A, 60890293 Azevedo das Pedras / RS;2022-11-29
317;Eduarda Cunha;miguel88@ig.com.br;+55 71 1676 0967;Rodovia de Cavalcanti, 14, Conjunto Novo Dom Bosco, 58995115 Moraes / SE;2020-06-13
318;Benício Nogueira;monteiroalice@oliveira.com;+55 81 4791 4509;Sítio de da Mota, 1, Santa Cruz, 24560-777 Peixoto das Flores / AC;2022-12-18
319;Pedro Miguel Nogueira;danielamoura@novaes.com;(061) 9059 8117;Rua de Aragão, 14, Nova America, 03466006 Barros dos Dourados / MT;2020-10-07
320;Valentina Rocha;ribeirojoao-gabriel@melo.org;(041) 8912-6685;Morro de Rodrigues, 9, Castanheira, 37160-923 Caldeira do Oeste / RS;2022-04-20
321;Carolina Castro;cardosoyasmin@hotmail.com;31 8335 6856;Fazenda de Mendes, 84, Vila Satélite, 80951047 Dias / RO;2024-06-29
322;Maysa Vieira;sophiaalves@ramos.br;41 2088 2149;Travessa Ian Jesus, 247, Vila Paquetá, 89860-582 Nunes / DF;2022-09-07
323;Sr. Renan Viana;sfarias@hotmail.com;81 7060-6622;Ladeira Cavalcanti, 39, Santo André, 16291-569 Cunha da Mata / MS;2024-01-08
324;Leandro Correia;amanda36@yahoo.com.br;(021) 7387 1525;Favela Gabriel Freitas, 503, Jaraguá, 54796-799 Peixoto Verde / AP;2022-11-13
325;João Guilherme da Mata;santosemanuel@uol.com.br;84 5645-8899;Colônia Vitor Castro, 8, Ventosa, 62403441 Peixoto / AL;2023-05-22
326;Heloísa Teixeira;daniel69@cardoso.com;84 1578-8727;Aeroporto Rocha, 41, Ouro Preto, 46943-793 Nunes do Amparo / MS;2021-03-13
327;Sr. Felipe Ramos;fvieira@goncalves.com;71 3008-5234;Vale Barbosa, 78, Ademar Maldonado, 54613562 Cavalcanti / SP;2022-11-07
328;Dr. Ryan Caldeira;nascimentoaugusto@gmail.com;(071) 8732-1532;Colônia de Pereira, Álvaro Camargos, 71934-424 Porto / BA;2020-04-24
329;Lucca Monteiro;wbarros@bol.com.br;+55 (084) 4579-9031;Via Jesus, 56, Aguas Claras, 84729-124 Farias / PA;2024-04-26
330;Sra. Ana Beatriz Fernandes;miguelaragao@ig.com.br;41 3745-7528;Aeroporto de Ribeiro, 31, Vila Da Amizade, 36525507 Sales / ES;2024-04-21
331;Bryan Monteiro;melogustavo@yahoo.com.br;84 0472-2208;Travessa Lavínia Carvalho, 4, Vila Independencia 2ª Seção, 96417003 Pinto de da Cunha / RO;2022-01-20
332;Amanda Porto;bpeixoto@farias.net;+55 21 1782 3491;Jardim Farias, 5, Vila Barragem Santa Lúcia, 60134-373 Aragão da Mata / ES;2021-03-15
333;Ana Laura Rezende;maysacosta@ramos.br;(031) 1957-1948;Avenida Maitê Martins, 96, Mangueiras, 30372500 Carvalho de Santos / AC;2023-03-12
334;João Guilherme Viana;nda-costa@pereira.net;81 3588-2737;Área de Mendes, 968, Senhor Dos Passos, 00887-329 da Conceição / BA;2021-12-12
335;Dra. Mariane Pinto;ccunha@bol.com.br;+55 41 8451-2504;Sítio Nascimento, 233, Engenho Nogueira, 95876-712 Vieira de Goiás / CE;2024-09-07
336;Sr. Gustavo Porto;nuneseduarda@yahoo.com.br;+55 (051) 6220-0625;Quadra Alexandre Aragão, 7, Sagrada Família, 31820704 Ramos de Aragão / MS;2024-09-11
337;Igor Silveira;leonardo21@pereira.com;+55 21 5351-6284;Núcleo de Moraes, 83, Maria Virgínia, 99582635 Alves de Cardoso / AM;2021-05-06
338;Sra. Valentina Gonçalves;da-pazfernando@nascimento.com;(051) 0267 7439;Feira Porto, 60, Boa Vista, 34095224 da Costa do Sul / SP;2022-11-14
339;Sophie Moreira;portoisaac@silva.com;+55 (011) 6486 4055;Trevo Oliveira, 38, Universo, 34337454 Rodrigues das Pedras / RR;2021-07-06
340;Vitor Gabriel Gomes;ana-juliamoreira@da.br;+55 81 8594 8132;Viela Bianca Melo, 75, Maravilha, 16201284 Barbosa Verde / MS;2021-08-05
341;Amanda Vieira;aragaotheo@lima.com;+55 (084) 9259-1755;Favela da Costa, 23, Vila Santa Rosa, 98927034 Nascimento Verde / PA;2022-11-02
342;Rafaela Mendes;bryanjesus@viana.br;+55 21 0259-1476;Chácara Fogaça, Independência, 34163594 Lopes de Costela / AC;2022-11-20
343;Emilly da Luz;aramos@yahoo.com.br;71 1606-4737;Lagoa Dias, 9, Manacas, 21142-624 Mendes / TO;2022-05-04
344;Srta. Ana Laura Nunes;pedro-henriquemendes@gmail.com;(084) 9978 3920;Feira Pereira, 735, Conjunto Novo Dom Bosco, 33288-073 da Conceição / PA;2021-08-12
345;Vitor Moreira;matheusdias@vieira.com;+55 (051) 2517-5199;Condomínio de Correia, 46, Tupi B, 88009-052 Azevedo / CE;2020-11-08
346;Antônio das Neves;qcardoso@azevedo.net;+55 41 6297-9759;Aeroporto de Nascimento, 71, Vila Nova Dos Milionarios, 80177-651 Ferreira / GO;2020-09-08
347;Dr. Luiz Otávio Moreira;jbarros@teixeira.com;0800-078-5622;Jardim Sofia Barros, 73, Engenho Nogueira, 01661-323 Barros das Flores / SP;2021-09-03
348;João Duarte;noahcardoso@azevedo.com;51 8863 3863;Setor Vitor da Mota, 4, Esplanada, 43050281 Moreira / BA;2023-12-28
349;Danilo Fogaça;mirella43@aragao.com;+55 (031) 9162-0050;Recanto Moreira, 319, Nova Gameleira, 86431493 Alves Grande / PB;2021-12-25
350;Daniel Martins;omonteiro@uol.com.br;+55 21 3657-9798;Núcleo Thales da Rosa, 815, Nossa Senhora Da Aparecida, 06511364 Martins / GO;2024-05-11
351;Murilo Fogaça;meloenzo@da.br;31 7540 5738;Alameda Cavalcanti, 684, Nova Cachoeirinha, 81707-541 Moreira / PI;2023-01-31
352;Carolina Jesus;oliveiraclara@pereira.br;61 7521-9829;Vereda Alice Pinto, 8, Dom Silverio, 23522-547 Cavalcanti / AC;2024-12-19
353;Clara Campos;xda-paz@costa.org;+55 (084) 0145-4921;Recanto de Nascimento, 649, Novo São Lucas, 50766279 da Cunha / RJ;2023-03-12
354;Enrico Jesus;maria-claranovaes@gomes.br;61 7733 9517;Passarela Thomas Silveira, 42, Vila Esplanada, 98466-934 Barbosa da Prata / MG;2021-04-30
355;Thomas Monteiro;ana-beatriz54@castro.br;61 0498-4129;Feira Moreira, 3, Cidade Jardim, 08811-401 Souza / MS;2025-02-15
356;Henrique da Rocha;carlos-eduardonunes@ig.com.br;+55 (071) 4687-5170;Área Barbosa, Bom Jesus, 72784-040 Mendes / GO;2024-01-18
357;Mirella Porto;cda-mota@gmail.com;0800 650 7183;Avenida Lorenzo Teixeira, 57, Vila Nova Cachoeirinha 1ª Seção, 42007-713 Cavalcanti / AM;2025-02-28
358;Fernanda Barbosa;juliasouza@hotmail.com;+55 (061) 3568-0812;Sítio Nunes, 234, Cruzeiro, 38179-756 Castro do Campo / DF;2024-11-28
359;Clara Rodrigues;breno20@vieira.net;61 3694-9548;Área de Costela, 20, Madre Gertrudes, 50118-657 Lopes do Norte / CE;2024-08-19
360;Thiago Jesus;ocosta@hotmail.com;+55 (081) 7027-1350;Passarela de Costela, 2, Mala E Cuia, 04849-030 das Neves / AM;2024-08-16
361;Ryan Rezende;wpereira@gmail.com;+55 (081) 3676-5657;Rua Correia, 37, Estoril, 97585-519 Rezende / DF;2020-08-19
362;Srta. Beatriz Ferreira;opires@ig.com.br;+55 84 8163 1619;Vila Benício Lopes, 213, São Paulo, 56555-813 Castro / MT;2024-01-11
363;Luiz Miguel Araújo;emanueldias@hotmail.com;84 5201-0375;Travessa Lavínia Peixoto, 23, Marieta 2ª Seção, 44992467 Pires do Norte / AM;2020-09-14
364;Mariana Novaes;lucca67@dias.net;31 7837 6087;Feira Gomes, 37, Distrito Industrial Do Jatoba, 85328987 Silveira das Flores / AL;2020-12-22
365;Dr. Thiago Fogaça;gabriel63@hotmail.com;21 4138-3498;Estação de Cardoso, 917, Santa Monica, 99877-813 Correia / PR;2024-07-20
366;Luana Silveira;enrico26@yahoo.com.br;+55 71 0294 5009;Rua Sales, 57, Castelo, 92505702 da Conceição / RN;2023-09-25
367;Yago da Conceição;joao-miguel44@gmail.com;(084) 3223 4582;Praia Novaes, 694, Andiroba, 25147133 Mendes do Oeste / AC;2023-08-09
368;Alexandre Nunes;fernandesgabrielly@mendes.br;+55 71 0042-2546;Travessa Giovanna Aragão, 40, Esplanada, 18307-278 Costela de Campos / PI;2021-05-17
369;Pedro Henrique Barros;vitorjesus@gmail.com;(011) 2092 0602;Núcleo Yuri Correia, 44, Caiçara - Adelaide, 48312007 da Mota da Praia / PR;2020-08-28
370;Alice Rodrigues;pietrarodrigues@da.com;+55 21 9015 9024;Núcleo Maysa Viana, Vila Inestan, 42023152 Rodrigues de Melo / AL;2025-02-27
371;Dra. Gabrielly Ribeiro;natalia46@viana.br;+55 84 1155 5771;Alameda João Vitor da Luz, 893, Jatobá, 25683840 Vieira da Mata / GO;2020-11-03
372;Calebe Fernandes;ribeiroluna@uol.com.br;(011) 9507-9141;Rua de Oliveira, 31, Barão Homem De Melo 2ª Seção, 00768354 Fernandes / RJ;2021-08-26
373;Joaquim Moreira;nunesana-carolina@ig.com.br;81 9484 2946;Praça Nicolas Peixoto, 13, Vila Madre Gertrudes 1ª Seção, 90046861 Santos / AM;2020-05-13
374;Lavínia Nogueira;laramartins@hotmail.com;(041) 5443-0839;Viaduto Rafaela Rezende, 89, Vila Novo São Lucas, 42261-598 Castro do Oeste / RJ;2020-11-30
375;Luigi da Mata;mlopes@lima.br;(041) 1258-6878;Fazenda Davi Barros, 71, Vila Real 2ª Seção, 19839-936 Alves / PA;2023-08-01
376;Sr. Juan Cunha;nbarros@rezende.br;+55 84 2603 1662;Fazenda de Lima, Casa Branca, 23904229 Carvalho da Praia / MT;2024-10-12
377;Marcela Ferreira;isisda-cruz@da.br;51 8694 0633;Colônia Mariane Correia, 67, Dom Silverio, 39709728 Vieira da Serra / AL;2021-06-01
378;Gabrielly Pinto;benjaminda-rosa@monteiro.com;+55 81 4678-7594;Área Pedro Lucas Duarte, Flavio Marques Lisboa, 40064842 Azevedo das Flores / AM;2025-02-02
379;Stephany Duarte;kduarte@rocha.br;(071) 3003-0324;Esplanada de Pereira, 23, Vila Jardim Alvorada, 83288-743 Nascimento Alegre / AC;2024-10-15
380;Dra. Isabella Caldeira;igomes@pires.net;+55 (061) 4744-1552;Estrada de da Luz, 6, Vila Das Oliveiras, 17449436 Alves / PR;2023-04-21
381;Emanuelly Sales;alexandre10@moura.br;(051) 3419-4633;Quadra André Rocha, Vila Olhos D'água, 96861329 Costela da Praia / MA;2024-02-20
382;Matheus Moreira;fcaldeira@ferreira.br;(011) 1872 3868;Vila Pires, 93, Santa Margarida, 47690-844 Correia do Amparo / GO;2022-05-29
383;Isabel Nogueira;erickteixeira@uol.com.br;81 0762-4581;Vereda de Ramos, 16, Bonfim, 83288-366 Sales / ES;2023-10-05
384;Bryan Silveira;icastro@ferreira.com;81 4437 1712;Vale de Vieira, 35, Jardim América, 69090593 Moreira / SC;2021-05-19
385;Sr. Ian Correia;kda-cruz@lima.com;51 6857 9891;Praça de da Cruz, Vila Ecológica, 68860-707 Jesus / MS;2023-12-22
386;Bryan Vieira;zda-cruz@melo.org;(041) 0840-7546;Fazenda Fogaça, 19, Vila São Gabriel Jacui, 36360-427 Porto da Praia / TO;2024-11-04
387;Sophie Alves;da-motaryan@da.com;0500 630 5689;Chácara da Mota, 477, São Francisco, 14123249 Moura de Oliveira / GO;2022-03-30
388;Bryan Correia;alice82@bol.com.br;+55 (011) 1243 8841;Vila da Cruz, 1, Novo Santa Cecilia, 49728399 Teixeira / PB;2021-04-10
389;Yago Ramos;gmoraes@yahoo.com.br;41 3979 5895;Viela Diego Silva, 4, Vista Do Sol, 33709-320 Moura dos Dourados / PB;2020-08-30
390;Bianca Moura;xcorreia@rodrigues.com;+55 11 9743 3647;Trecho Barbosa, 9, Novo Aarão Reis, 28259-359 Novaes / AM;2020-05-27
391;Dra. Clara Pires;matheusgomes@hotmail.com;61 3189-9383;Praia Costa, 56, Universitário, 48585-601 Gonçalves / MA;2024-04-04
392;Thales Gonçalves;moreirapaulo@ig.com.br;+55 81 1912 7011;Trecho Antônio da Rosa, 96, Anchieta, 81565066 Mendes / SP;2021-04-15
393;João Guilherme Monteiro;djesus@campos.com;(081) 8178 7995;Rodovia Nicole da Paz, 393, Monsenhor Messias, 20172-739 da Paz / RN;2021-10-24
394;Dra. Eloah Silva;feliperocha@ig.com.br;+55 (081) 3390-4718;Parque Samuel Cavalcanti, 82, Caetano Furquim, 74446-432 Pinto do Oeste / MS;2020-11-18
395;Gabrielly da Rocha;thiago04@bol.com.br;+55 (084) 7536 1171;Vale Mirella Ramos, Camargos, 27944-855 da Paz / TO;2022-08-30
396;Agatha da Cruz;rebecacavalcanti@uol.com.br;51 6292 0137;Conjunto Luana Teixeira, 16, Barão Homem De Melo 2ª Seção, 60021-365 Farias / SE;2023-01-11
397;Alexandre Souza;davi-luccadas-neves@jesus.com;+55 51 4578 8755;Jardim Felipe Duarte, 71, Brasil Industrial, 13534-428 da Costa / AC;2023-10-09
398;Sra. Melissa Nunes;gmartins@hotmail.com;+55 (041) 4516 4690;Conjunto Fogaça, Boa Esperança, 75064-441 da Mota / SE;2023-03-07
399;Stella Cardoso;ana-luiza00@das.net;+55 11 5674 1927;Avenida Vitória da Rosa, 99, Universo, 43582429 Carvalho / GO;2024-06-10
400;Enrico Cavalcanti;carlos-eduardo47@hotmail.com;+55 (041) 3426-2887;Estrada Alícia da Luz, Vila Coqueiral, 66749664 da Cruz do Oeste / MA;2020-04-01
401;Natália Correia;aragaoraquel@barbosa.net;+55 11 5151 3022;Lago da Paz, 565, Santo Antônio, 49218866 Correia de Cavalcanti / MS;2020-12-12
402;Vitor Ferreira;cardosopedro-miguel@uol.com.br;0500-541-6025;Quadra de da Rocha, 459, Conjunto Paulo Vi, 53068372 Costela / PI;2022-03-01
403;Thiago Rodrigues;marianaramos@uol.com.br;71 6857-4424;Colônia Emilly Cunha, 985, Vila Formosa, 92003718 Azevedo / RR;2021-01-12
404;Davi Lucca Silveira;kevinviana@yahoo.com.br;11 2688-4107;Fazenda Emanuelly Silveira, 28, Acaiaca, 49174960 Ramos de Goiás / BA;2021-10-05
405;Vitória Rocha;costaana-laura@ig.com.br;+55 (051) 2484 1185;Rua Aragão, 61, Vila De Sá, 35538302 Lima / AM;2025-01-19
406;Ryan Costela;dcorreia@gmail.com;31 7828-0930;Praia de da Luz, 64, Serrano, 61277-407 Ferreira do Amparo / MS;2021-05-31
407;Alana Caldeira;fdas-neves@da.com;(061) 3322 5020;Pátio de da Rocha, 25, Casa Branca, 73891-772 da Cunha / AC;2020-12-26
408;Lavínia Azevedo;teixeiraluiz-henrique@gmail.com;84 4042 9306;Praia Pedro Cavalcanti, 47, Europa, 05965-064 da Mota dos Dourados / MS;2022-11-08
409;Leonardo Lima;andre46@yahoo.com.br;+55 (021) 2792 1920;Setor Elisa Barbosa, 7, Vila Copacabana, 10162686 Nunes / PI;2022-11-22
410;Bryan Castro;marianamoura@porto.net;(051) 3741-9607;Recanto Correia, Vila Mangueiras, 95794050 Gonçalves / RJ;2024-05-19
411;Ana Clara Lopes;barbara60@peixoto.br;+55 41 6391-4500;Passarela Nathan Mendes, 4, Maria Virgínia, 32550020 Peixoto / AM;2023-05-07
412;Vitória Azevedo;fmoura@da.com;+55 41 3228-3650;Quadra Benício Ribeiro, 6, Itaipu, 88208729 Cunha / AP;2021-01-10
413;Vitor Hugo Rezende;enrico46@ig.com.br;81 2035 9485;Feira Moura, 2, Aguas Claras, 06390-637 Gonçalves de Monteiro / PE;2020-11-03
414;Leandro Nascimento;pedro-miguel76@ig.com.br;84 2827 3834;Fazenda Costela, 88, Nossa Senhora Aparecida, 04808-036 Araújo das Flores / PI;2022-10-17
415;Heitor Gomes;monteirobreno@ig.com.br;0500-642-3456;Aeroporto Teixeira, Casa Branca, 64008983 Sales de da Mata / SC;2023-12-16
416;Dra. Rafaela Melo;esther19@ig.com.br;21 2906 2280;Vale de Vieira, 20, Primeiro De Maio, 67700181 Nogueira / AM;2021-02-27
417;Sra. Milena Fernandes;isadora80@bol.com.br;+55 (071) 7556 4365;Fazenda de Fogaça, 1, Cidade Nova, 70690072 Pires / RS;2023-11-02
418;Sra. Lívia Barbosa;diego90@ramos.br;0900-596-8200;Viela Costela, 62, Cinquentenário, 39648044 Lopes Alegre / MA;2023-07-05
419;Gabrielly Moraes;monteiroluiz-gustavo@hotmail.com;(061) 4189 0965;Parque de da Paz, 661, Santa Rita De Cássia, 64123-406 Barbosa / PI;2021-08-11
420;Guilherme Costa;cunhamelissa@moreira.com;81 2506-3121;Rua de Fogaça, 7, Cônego Pinheiro 2ª Seção, 78887861 Vieira / MT;2020-11-17
421;Pedro Lima;cavalcantijoao@da.br;+55 (084) 4431-6246;Fazenda Freitas, 79, Jardim Do Vale, 80125-373 Pereira / RN;2023-03-23
422;Emanuella Alves;piresvitoria@araujo.com;51 6871 7001;Viela de Oliveira, 480, Olaria, 02307-718 da Rocha de Goiás / SE;2021-08-21
423;Vinicius Caldeira;maria-luiza63@nunes.com;0800 377 4877;Área Luigi Barbosa, 551, Vila Ipiranga, 44808463 da Cunha de Viana / BA;2020-11-11
424;Nicolas Carvalho;theoda-mata@pinto.net;(041) 8141-3784;Recanto Novaes, 2, Renascença, 21425044 Melo do Amparo / ES;2023-02-06
425;Yuri da Cunha;emanuella53@yahoo.com.br;+55 (061) 7108 0534;Lago Alexia Castro, 73, Jaraguá, 58734-639 Novaes / PA;2023-10-05
426;Davi Lucas Porto;kpinto@ig.com.br;(084) 5382 1558;Área Natália Araújo, 763, Jonas Veiga, 39448-992 Martins / RO;2022-08-01
427;Rodrigo da Costa;maria-sophiada-rocha@hotmail.com;+55 41 9101 7603;Rodovia Matheus Almeida, Mariano De Abreu, 37101454 da Paz de da Paz / PR;2025-03-16
428;Isadora Caldeira;miguelfernandes@viana.com;71 8392 9499;Largo de Aragão, 34, Pousada Santo Antonio, 35144329 Moura / AP;2022-11-28
429;Juan Lima;plima@cardoso.br;(061) 0514-5036;Jardim Sabrina Cardoso, 370, Palmeiras, 92006944 Monteiro / PE;2024-01-30
430;Emilly Ferreira;juan17@monteiro.com;0300-166-7572;Sítio Lívia Monteiro, Vila São Geraldo, 88933252 Vieira dos Dourados / PE;2021-06-30
431;Olivia Rocha;catarinada-conceicao@porto.com;+55 31 1893-6956;Passarela Vitor Hugo Castro, 5, São Jorge 1ª Seção, 82104-359 Ribeiro / PB;2024-08-27
432;Ana Julia Jesus;murilo03@fogaca.com;(051) 7796-5732;Morro de das Neves, 881, Vila Paris, 93970-632 Moreira / CE;2021-04-11
433;Dr. Danilo da Paz;fogacadavi-lucas@uol.com.br;61 3818 4656;Núcleo de Alves, 13, Glória, 60481738 da Rosa / PR;2022-08-31
434;Clara da Luz;zpinto@hotmail.com;84 5768 2031;Campo de Cardoso, 64, Conjunto Providencia, 03152318 Costa / AL;2022-05-23
435;Maysa Nogueira;kevinribeiro@da.org;(041) 3009 8739;Núcleo de Nunes, 75, Vila Independencia 2ª Seção, 41347581 Silva / MA;2024-04-05
436;Vitória Fernandes;ana-sophia77@da.org;+55 (061) 9335-3967;Condomínio de Silva, 39, Solimoes, 94378404 Freitas de Farias / AM;2022-12-09
437;Sra. Esther Carvalho;dpinto@dias.com;41 1825-7495;Feira Emanuel da Rosa, 94, Monte Azul, 98672-097 da Luz / AC;2020-05-29
438;Joana Nogueira;pedro-henriquegomes@moreira.net;+55 51 4673 4090;Chácara Carolina da Cruz, 4, Esperança, 95622480 Pinto / AP;2020-11-20
439;Lorena Nunes;cda-mata@yahoo.com.br;+55 61 6396-3055;Chácara Novaes, 37, Beira Linha, 58549-968 Nascimento da Serra / TO;2022-09-30
440;Leonardo Martins;juliana12@gomes.org;(084) 2839 0098;Loteamento de Cardoso, 918, Vila Novo São Lucas, 43822178 Gonçalves / SE;2020-05-13
441;Levi Carvalho;rodrigobarbosa@nogueira.br;+55 (021) 0215-0711;Setor de Sales, 21, Conjunto Celso Machado, 16706-307 Gomes / SC;2021-07-03
442;Davi Silveira;moraescamila@duarte.com;84 4454 2364;Trevo Viana, 28, Alpes, 19557-476 Almeida de Goiás / PA;2022-09-05
443;Gabriela Nascimento;rodriguesmatheus@hotmail.com;+55 (071) 7286 4514;Quadra Carolina Gomes, 66, Eymard, 03043240 Porto / PR;2021-10-06
444;Sr. Rafael Novaes;silvaluana@cardoso.com;0900-103-2833;Travessa de Nogueira, 69, Jardim Montanhês, 33768-258 Barbosa de Alves / AP;2020-10-08
445;Laura da Rosa;joao-guilhermeviana@ramos.net;71 6096-1079;Recanto Ferreira, Bonfim, 68666674 Moura / SP;2022-04-04
446;Noah Martins;marcelopinto@teixeira.br;+55 11 0130 5423;Morro de Moreira, 75, São Tomaz, 61438-571 da Luz / RR;2021-01-02
447;Lucca Santos;ana-luizacampos@rodrigues.br;+55 41 4434 9377;Quadra Carvalho, 5, Vila Minaslandia, 70138437 Alves / AP;2023-05-26
448;Maysa Cardoso;heloisacardoso@vieira.com;(021) 8886 0908;Trevo Gonçalves, Cidade Nova, 30977-228 Barros / MG;2023-10-25
449;Kamilly Nunes;matheusazevedo@bol.com.br;(031) 2425-6192;Trevo Maria Julia Silveira, 20, Eymard, 14959-851 da Cunha Alegre / PA;2022-03-26
450;Dr. Pedro Silveira;da-pazlevi@dias.com;+55 (011) 4200 5352;Trevo Mirella Ribeiro, Vila Nossa Senhora Do Rosário, 88574-886 Moura / AL;2022-05-27
451;João Silva;cfernandes@viana.com;(081) 0130 7230;Colônia Letícia da Cunha, 18, Vila De Sá, 37894-605 Castro / AP;2022-04-16
452;Lorena Cardoso;jda-paz@da.br;0900 780 3916;Esplanada de Ferreira, 5, Engenho Nogueira, 64527-886 Melo / RS;2022-01-20
453;Juliana da Cunha;pcarvalho@ig.com.br;+55 (021) 1477 6443;Quadra Rodrigues, 68, Serra, 19946201 Alves / RN;2022-12-12
454;Maria Sophia Campos;iandias@yahoo.com.br;+55 84 0832 2439;Via de da Cruz, 8, Vila Da Paz, 80439996 Mendes do Galho / AP;2024-05-12
455;Lorena Dias;santosana-clara@caldeira.br;+55 51 1080 4497;Loteamento João Miguel Viana, Belvedere, 19990577 Barros de Pereira / AP;2022-08-23
456;Dra. Eloah Peixoto;xcastro@bol.com.br;21 1697-5831;Colônia Sales, 858, Serrano, 07508-924 Silveira / RJ;2024-09-08
457;Pietro Ramos;gomesbianca@gmail.com;0900 539 0769;Praia Cauã Pereira, 5, Alto Dos Pinheiros, 05794200 Cavalcanti / RS;2024-01-25
458;Emanuel Castro;marinamoreira@ferreira.net;+55 (081) 2868-6544;Aeroporto Bryan Lima, 43, São Gabriel, 84537088 Pinto / ES;2023-03-31
459;Alice Costa;rbarros@ig.com.br;0500-663-8736;Rua de Rezende, 83, Laranjeiras, 06677085 Azevedo / RN;2021-09-18
460;Emanuel Ribeiro;cardosolavinia@gmail.com;0500 010 5393;Vereda de Freitas, 92, Lindéia, 84772419 Farias / PA;2020-12-17
461;Sr. Davi Luiz da Luz;calebearagao@uol.com.br;61 0205-8544;Colônia Maria Luiza Ramos, 66, Marieta 1ª Seção, 93498832 Melo da Praia / DF;2023-04-23
462;Cauã Oliveira;vcardoso@azevedo.br;(031) 8545 1183;Vila Giovanna Rezende, João Paulo Ii, 77354916 Duarte / PB;2021-12-10
463;Vitor Hugo Pinto;gfarias@dias.br;+55 (084) 6709-1433;Vereda Caldeira, 42, Pedreira Padro Lopes, 20249-585 Dias de Almeida / RN;2023-02-27
464;Maria Clara Azevedo;emanuelcampos@nunes.com;(021) 5693-4010;Rodovia Nunes, 49, Conjunto Santa Maria, 12505600 Freitas do Sul / MS;2024-06-13
465;Sra. Alexia Porto;ana-vitoriamoura@silveira.com;21 3696 5299;Favela Nathan Melo, 65, Vila Sumaré, 44858538 Gonçalves / TO;2020-05-14
466;Paulo Ribeiro;mfogaca@hotmail.com;+55 (071) 5526 2010;Favela de da Luz, 68, Leonina, 39413-975 Castro / GO;2024-03-18
467;Luana Pereira;ana-beatriz50@yahoo.com.br;+55 (011) 9103 0428;Residencial de Moreira, 81, Casa Branca, 28167812 Ramos de Pereira / MS;2020-04-03
468;Maysa Costa;larapereira@da.org;(071) 7319 0559;Morro Costa, 38, Nova Cintra, 75920-133 da Rosa / SP;2020-06-16
469;Dr. Alexandre Rodrigues;luigifreitas@costa.com;(084) 8926 6456;Estrada Farias, 34, Anchieta, 19546020 Melo de da Paz / AP;2023-04-25
470;Ian Nascimento;otavio96@bol.com.br;0300-907-1745;Viela de da Cruz, 2, Guaratã, 06943-596 Costa da Mata / MA;2024-02-16
471;Maitê da Luz;ana-julia08@yahoo.com.br;81 1053-3103;Alameda Breno Castro, 56, Mirtes, 63940098 Monteiro da Mata / AC;2023-04-21
472;Noah Martins;thiago31@hotmail.com;41 0269-5983;Viaduto Breno Jesus, 4, Maria Virgínia, 97701-679 Nascimento / RR;2024-10-08
473;Erick Pires;rcastro@uol.com.br;+55 (051) 8543 9944;Praça Luna Lima, 689, Suzana, 43817-021 Costa / PE;2023-08-09
474;Guilherme Moura;pcastro@goncalves.br;(061) 6184 7090;Ladeira de Moreira, Vila Mangueiras, 20613-525 da Luz / AM;2024-08-09
475;Lucas Gabriel da Conceição;portoian@ramos.br;+55 31 4483 0154;Núcleo Monteiro, 974, Santa Helena, 79849497 da Cruz de Lima / SE;2024-12-31
476;Sr. João Fogaça;cardosoclara@cardoso.com;+55 (051) 5010-9184;Condomínio Castro, 44, Maria Goretti, 10919941 Campos do Amparo / AM;2022-05-14
477;Isabella Freitas;rafael18@ig.com.br;(041) 7853-1782;Ladeira Novaes, 8, Santa Helena, 30460085 da Mota / TO;2020-08-19
478;Levi da Luz;gjesus@yahoo.com.br;+55 41 8410 5723;Vila Alves, 93, Vista Do Sol, 93212675 Jesus / PI;2023-10-18
479;Bernardo Monteiro;heloisafarias@bol.com.br;31 0620 4203;Lago de Nogueira, 61, Bom Jesus, 10718936 Viana / SE;2024-02-07
480;Manuela Cunha;qporto@ig.com.br;81 4950-6665;Quadra de Melo, 8, Boa União 2ª Seção, 55380-143 Carvalho / RJ;2024-07-12
481;Laura Ramos;lopesjoao-miguel@vieira.net;61 4365-0635;Parque de Rezende, 7, João Paulo Ii, 63862573 Lopes de Aragão / AP;2021-05-19
482;Sr. André Rodrigues;giovanna01@ig.com.br;11 0811-9803;Campo de Cardoso, 660, Embaúbas, 85277-866 Oliveira do Norte / AL;2021-11-03
483;Arthur Dias;cmoraes@hotmail.com;+55 (071) 9482-2303;Parque Otávio Peixoto, 64, Jardim Montanhês, 19959786 Melo do Galho / RR;2022-06-06
484;Francisco Azevedo;moraesleandro@yahoo.com.br;(081) 4449 8225;Condomínio de Santos, 446, Vila Suzana Segunda Seção, 42586591 Teixeira / SE;2021-05-02
485;Renan Araújo;maysacardoso@silveira.br;+55 (051) 8673 8168;Lago Pires, 33, Novo Santa Cecilia, 20131312 Cardoso de Vieira / PR;2023-01-16
486;Sr. Thales da Paz;yuri73@uol.com.br;+55 (041) 9319 0446;Praia Juliana Silva, Vitoria, 59524123 Silva do Norte / RR;2024-12-01
487;Sabrina Fernandes;elisa12@aragao.br;0900-617-2821;Condomínio de Viana, 30, Vila Aeroporto, 16179-259 Pereira / SC;2022-02-04
488;Sr. Raul Mendes;uaragao@novaes.com;0500-150-4658;Sítio Felipe Silva, 8, Antonio Ribeiro De Abreu 1ª Seção, 77671152 Rocha do Sul / AM;2024-11-29
489;Benício da Luz;heitor47@cavalcanti.org;+55 21 8304 4316;Passarela Jesus, 50, Vila Boa Vista, 86018-256 Fernandes de Cunha / PA;2022-05-08
490;Raquel da Cunha;samuel63@uol.com.br;(084) 8212-7483;Vereda Theo Moura, 19, Maravilha, 02153-910 da Cunha dos Dourados / AM;2021-08-12
491;Marcelo Lima;rodrigocardoso@bol.com.br;71 9037 4996;Núcleo de Melo, 59, Paraíso, 66192-871 Santos / SP;2021-03-10
492;Luiza Nunes;lfarias@bol.com.br;0300-485-2407;Rodovia Vieira, 764, Ernesto Nascimento, 20675-388 Silva do Amparo / PI;2021-07-30
493;Daniela Farias;cauepeixoto@ig.com.br;+55 (071) 9716-0192;Pátio de Rodrigues, 15, Cidade Jardim, 40329-940 Monteiro do Amparo / TO;2023-09-17
494;Nicole Jesus;carolina61@gmail.com;11 6911-1789;Alameda de Pinto, 16, São Vicente, 67886212 Cunha de Correia / RR;2022-02-01
495;Raquel Araújo;murilo09@uol.com.br;(061) 3640 2979;Colônia da Cruz, 27, Corumbiara, 58758-185 Campos / ES;2025-03-08
496;Gustavo Porto;yago26@bol.com.br;41 3754-2960;Ladeira Calebe Moreira, 70, Ouro Minas, 96068-558 Duarte do Norte / GO;2024-07-29
497;Bruna Dias;bda-mata@sales.br;+55 (011) 4202 4981;Trevo de Moraes, Vila Nova, 69467521 Mendes / MG;2024-09-07
498;Cauã Vieira;sofiada-conceicao@hotmail.com;84 9645 9029;Rua Moraes, 5, São José, 21082-696 Almeida / AL;2024-07-18
499;Luigi Campos;piresvitor@silveira.org;(011) 4709-7077;Núcleo de Dias, Vila Suzana Primeira Seção, 41035459 Santos / PI;2024-02-07
500;Bruno Souza;danilooliveira@ribeiro.org;11 4870 1532;Praia Rodrigues, 25, Pindorama, 33145393 Azevedo Alegre / SP;2022-01-30
